USE RetailAnalyticsDB;
GO

INSERT INTO DimProducts (ProductID, ProductName, Category, SubCategory, Brand, UnitCost, UnitPrice, IsActive) VALUES 
(201, 'Galaxy S24 Ultra', 'Electronics', 'Phones', 'Samsung', 700.00, 1200.00, 1),
(202, 'MacBook Air M2', 'Electronics', 'Laptops', 'Apple', 850.00, 1100.00, 1), 
(203, 'Noise Cancelling Headphones', 'Electronics', 'Audio', 'Sony', 150.00, 350.00, 1), 
(204, 'Smart Watch Series 9', 'Electronics', 'Wearables', 'Apple', 250.00, 450.00, 1),
(205, 'Executive Leather Chair', 'Furniture', 'Chairs', 'Herman', 300.00, 800.00, 1), 
(206, 'Standing Desk', 'Furniture', 'Tables', 'Flexi', 200.00, 400.00, 1),
(207, 'Gaming Desk RGB', 'Furniture', 'Tables', 'Razer', 150.00, 250.00, 1),
(208, 'Denim Jeans', 'Clothing', 'Pants', 'Levis', 20.00, 60.00, 1),
(209, 'Cotton T-Shirt', 'Clothing', 'Tops', 'H&M', 5.00, 15.00, 1),
(210, 'Formal Blazer', 'Clothing', 'Suits', 'Zara', 40.00, 120.00, 1);
GO

INSERT INTO DimCustomers (CustomerID, CustomerName, City, Region, Country, Segment, IncomeGroup) VALUES 
(10, 'Rahul Sharma', 'Mumbai', 'West', 'India', 'Consumer', 'High'),
(11, 'Infosys Ltd', 'Bangalore', 'South', 'India', 'Corporate', 'High'),
(12, 'Priya Singh', 'Delhi', 'North', 'India', 'Consumer', 'Medium'),
(13, 'Tech Solutions', 'Hyderabad', 'South', 'India', 'Corporate', 'Medium'),
(14, 'Hans Müller', 'Berlin', 'Europe', 'Germany', 'Consumer', 'High'),
(15, 'Sarah Jenkins', 'Toronto', 'North America', 'Canada', 'Small Business', 'Medium'),
(16, 'Ahmed Al-Fayed', 'Riyadh', 'Middle East', 'Saudi Arabia', 'Consumer', 'High');
GO


INSERT INTO DimStores (StoreID, StoreName, StoreType, City, ManagerName) VALUES 
(910, 'Mumbai High Street', 'Flagship', 'Mumbai', 'Amitabh B'),
(911, 'Bangalore Tech Park', 'Outlet', 'Bangalore', 'Deepika P'),
(912, 'Delhi Cyber Hub', 'Flagship', 'Delhi', 'Shahrukh K'),
(913, 'Berlin Central', 'Outlet', 'Berlin', 'Jürgen Klopp');
GO



INSERT INTO FactSales (TransactionID, Date, CustomerID, ProductID, StoreID, Quantity, ActualSalePrice, DiscountApplied, IsReturned) VALUES 

(2001, '2023-01-05', 10, 201, 910, 1, 1200.00, 0.00, 0), 
(2002, '2023-01-12', 11, 202, 911, 5, 1050.00, 250.00, 0), 
(2003, '2023-01-20', 14, 208, 913, 2, 60.00, 0.00, 0),
(2004, '2023-02-05', 12, 209, 912, 10, 12.00, 30.00, 0),
(2005, '2023-02-14', 10, 204, 910, 1, 450.00, 0.00, 1), 
(2006, '2023-02-28', 15, 205, 904, 2, 800.00, 0.00, 0),
(2007, '2023-03-10', 13, 206, 911, 10, 380.00, 200.00, 0),


(2008, '2023-04-01', 1, 201, 901, 2, 1200.00, 0.00, 0),
(2009, '2023-04-15', 2, 210, 902, 1, 120.00, 10.00, 0),
(2010, '2023-05-02', 11, 203, 911, 20, 320.00, 600.00, 0),
(2011, '2023-05-20', 10, 208, 910, 3, 60.00, 0.00, 0),
(2012, '2023-06-05', 16, 205, 904, 4, 800.00, 0.00, 0),
(2013, '2023-06-12', 12, 202, 912, 1, 1100.00, 0.00, 1),


(2014, '2023-07-01', 3, 207, 903, 5, 200.00, 250.00, 0), 
(2015, '2023-07-15', 4, 209, 902, 6, 15.00, 0.00, 0),
(2016, '2023-08-05', 10, 201, 910, 1, 1150.00, 50.00, 0),
(2017, '2023-08-20', 14, 203, 913, 2, 350.00, 0.00, 0),
(2018, '2023-09-10', 11, 206, 911, 8, 400.00, 100.00, 0),


(2019, '2023-10-05', 1, 204, 901, 3, 450.00, 0.00, 0),
(2020, '2023-10-25', 12, 210, 912, 1, 120.00, 0.00, 0),
(2021, '2023-11-15', 10, 202, 910, 1, 1000.00, 100.00, 0), 
(2022, '2023-11-20', 13, 205, 911, 10, 750.00, 500.00, 0),
(2023, '2023-11-25', 15, 201, 904, 2, 1100.00, 200.00, 0), 
(2024, '2023-11-26', 14, 203, 913, 5, 300.00, 250.00, 0),
(2025, '2023-12-05', 16, 208, 904, 4, 60.00, 0.00, 0),
(2026, '2023-12-15', 11, 204, 911, 10, 420.00, 300.00, 0), 
(2027, '2023-12-20', 2, 209, 902, 5, 15.00, 0.00, 1), 
(2028, '2023-12-24', 10, 203, 910, 2, 350.00, 0.00, 0),


(2029, '2024-01-05', 1, 205, 901, 1, 800.00, 0.00, 0),
(2030, '2024-01-10', 12, 201, 912, 1, 1200.00, 0.00, 0),
(2031, '2024-01-20', 13, 206, 911, 5, 400.00, 50.00, 0),
(2032, '2024-02-01', 14, 207, 913, 1, 250.00, 0.00, 0),
(2033, '2024-02-14', 10, 210, 910, 2, 120.00, 0.00, 0),
(2034, '2024-02-28', 15, 202, 904, 1, 1100.00, 0.00, 0),
(2035, '2024-03-05', 11, 205, 911, 4, 800.00, 0.00, 0),
(2036, '2024-03-10', 16, 204, 904, 2, 450.00, 0.00, 1), 
(2037, '2024-03-15', 1, 208, 901, 3, 60.00, 0.00, 0),


(2038, '2023-05-10', 10, 209, 910, 2, 15.00, 0.00, 0),
(2039, '2023-06-15', 12, 208, 912, 1, 60.00, 0.00, 0),
(2040, '2023-07-20', 14, 210, 913, 1, 120.00, 0.00, 0),
(2041, '2023-08-12', 11, 207, 911, 2, 250.00, 20.00, 0),
(2042, '2023-09-05', 13, 206, 911, 1, 400.00, 0.00, 0),
(2043, '2023-10-10', 15, 205, 904, 1, 800.00, 0.00, 1),
(2044, '2023-11-01', 16, 204, 904, 1, 450.00, 0.00, 0),
(2045, '2023-12-01', 1, 203, 901, 1, 350.00, 0.00, 0),
(2046, '2024-01-15', 2, 202, 902, 1, 1100.00, 0.00, 0),
(2047, '2024-02-10', 3, 201, 903, 1, 1200.00, 0.00, 0),
(2048, '2023-03-25', 10, 209, 910, 4, 15.00, 5.00, 0),
(2049, '2023-04-12', 12, 208, 912, 2, 60.00, 0.00, 0),
(2050, '2023-05-18', 14, 210, 913, 1, 100.00, 20.00, 0), 
(2051, '2023-06-22', 11, 207, 911, 3, 250.00, 0.00, 0),
(2052, '2023-07-30', 13, 206, 911, 2, 400.00, 0.00, 0),
(2053, '2023-08-15', 15, 205, 904, 1, 800.00, 0.00, 0),
(2054, '2023-09-20', 16, 204, 904, 1, 450.00, 0.00, 0),
(2055, '2023-10-25', 1, 203, 901, 2, 350.00, 0.00, 0),
(2056, '2023-11-12', 2, 202, 902, 1, 1100.00, 0.00, 0),
(2057, '2023-12-05', 3, 201, 903, 1, 1200.00, 0.00, 0),
(2058, '2024-01-28', 10, 209, 910, 3, 15.00, 0.00, 0),
(2059, '2024-02-15', 12, 208, 912, 2, 60.00, 0.00, 0),
(2060, '2024-03-01', 14, 210, 913, 1, 120.00, 0.00, 0),
(2061, '2023-01-15', 11, 207, 911, 5, 250.00, 100.00, 0),
(2062, '2023-02-20', 13, 206, 911, 1, 400.00, 0.00, 1), 
(2063, '2023-03-25', 15, 205, 904, 1, 800.00, 0.00, 0),
(2064, '2023-04-30', 16, 204, 904, 2, 450.00, 50.00, 0),
(2065, '2023-05-15', 1, 203, 901, 1, 350.00, 0.00, 0),
(2066, '2023-06-10', 2, 202, 902, 1, 1100.00, 0.00, 0),
(2067, '2023-07-05', 3, 201, 903, 1, 1200.00, 0.00, 0),
(2068, '2023-08-20', 10, 209, 910, 6, 15.00, 0.00, 0),
(2069, '2023-09-15', 12, 208, 912, 2, 60.00, 0.00, 0),
(2070, '2023-10-10', 14, 210, 913, 1, 120.00, 0.00, 0),
(2071, '2023-11-05', 11, 207, 911, 2, 250.00, 0.00, 0),
(2072, '2023-12-12', 13, 206, 911, 1, 400.00, 0.00, 0),
(2073, '2024-01-18', 15, 205, 904, 2, 800.00, 0.00, 0),
(2074, '2024-02-22', 16, 204, 904, 1, 450.00, 0.00, 0),
(2075, '2024-03-12', 1, 203, 901, 3, 350.00, 50.00, 0),
(2076, '2023-04-05', 11, 205, 911, 10, 780.00, 200.00, 0), 
(2077, '2023-05-08', 10, 201, 910, 1, 1200.00, 0.00, 0),
(2078, '2023-09-09', 11, 202, 911, 2, 1100.00, 0.00, 0),
(2079, '2023-11-11', 12, 203, 912, 1, 350.00, 0.00, 0),
(2080, '2023-12-25', 14, 209, 913, 5, 15.00, 0.00, 0);
GO